tf,mean_diff_strong,mean_diff_rest,pvalue,n_strong,error,effect_direction,tpm_a,tpm_b
HNF4G,0.6720595903229842,0.20673795152019103,0.0,16527,,HepG2,31.41,0.0
FOXA1,0.6265335192589185,0.21165195747253882,0.0,16579,,HepG2,60.32,0.9
HNF4A,0.5861081143513489,0.215599199285597,0.0,16804,,HepG2,51.01,0.02
FOXC1,0.5707842366392062,0.21798738622606412,0.0,16529,,HepG2,0.41,0.0
FOXA2,0.5265537486869527,0.22224428049665793,0.0,16851,,HepG2,50.44,1.29
FOXO4,0.5226856737340263,0.22158379784695184,0.0,17393,,HepG2,14.37,8.51
FOXK2,0.5135796550024251,0.22315386888403996,0.0,17139,,HepG2,73.32,28.13
FOXA3,0.5135796550024251,0.22315386888403996,0.0,17139,,HepG2,3.89,5.09
RXRB,0.4887774607235852,0.22710685672438177,0.0,16526,,HepG2,,
TCF7L2,0.48750160123377867,0.227022695751326,0.0,16655,,HepG2,24.95,1.68
FOXK1,0.4769363434314374,0.22207357227675276,0.0,20231,,HepG2,3.44,4.92
HNF1A,0.4804056758210054,0.2280371050824364,1.3438075184706622e-282,16526,,HepG2,9.95,0.02
THRB,0.46403359090042623,0.22985632348000973,1.3947314112744803e-274,16526,,HepG2,6.37,4.35
TCF7,0.45722688816011486,0.2274093799391652,2.551248281599237e-278,18599,,HepG2,16.76,6.35
SRY,0.45410086116442483,0.23077682668328597,5.672712428388127e-240,16648,,HepG2,0.59,0.0
TEAD3,0.43395331859388164,0.23302988527130805,3.302741496843581e-210,16651,,HepG2,6.58,5.89
ESRRA,0.43242661962558454,0.2321781580432282,1.082296583568666e-229,17410,,HepG2,4.87,24.39
TEAD4,0.42967803871827387,0.2325751592469944,3.3453998200242356e-209,17355,,HepG2,26.47,21.01
CEBPG,0.42858287223706626,0.23377192653265694,1.0939975640612626e-193,16544,,HepG2,44.6,12.36
CEBPD,0.4264812307339112,0.23360755972002367,3.126469347279369e-196,16851,,HepG2,4.27,3.07
CEBPA,0.4267028904329507,0.2339460798067268,2.445537695549637e-192,16571,,HepG2,3.43,0.09
TEAD1,0.42313862168112426,0.23408266098080385,6.051144383820359e-189,16776,,HepG2,16.75,7.27
TEAD2,0.41140312936238416,0.23297269116011352,8.010155959991038e-180,18803,,HepG2,4.33,13.76
CEBPB,0.4065186935889798,0.23622316577311808,1.897128514866328e-152,16547,,HepG2,33.19,13.02
HLF,0.4041524732397827,0.23641652994805554,2.135142939254669e-139,16609,,HepG2,291.97,0.1
NR2F2,0.3967436642975311,0.2364506874716389,9.75944721708587e-143,17345,,HepG2,6.4,54.51
NFIL3,0.39560331146401095,0.23738137205557805,1.4274910173859306e-123,16600,,HepG2,176.84,9.51
ONECUT1,0.39216732331255333,0.23770272344891538,1.5492080660315643e-112,16660,,HepG2,10.15,0.03
NR2F1,0.38782746763888665,0.23830200771075474,2.671703791560177e-119,16548,,HepG2,77.01,0.01
SOX13,0.38598014882023585,0.23758248975466242,1.0764545927962975e-107,17475,,HepG2,11.04,0.06
RORA,0.3836264055552101,0.2386827586709709,8.689368233126065e-114,16637,,HepG2,33.26,0.23
NR5A1,0.38087924515049,0.2389979324969949,9.404847366645514e-111,16629,,HepG2,26.9,0.0
DBP,0.3778519310179658,0.23941582391227872,2.0911564198550706e-94,16544,,HepG2,9.72,3.54
NR2C2,0.3741474731860345,0.23984420711399462,8.848260091793023e-93,16526,,HepG2,23.55,16.18
TEF,0.36616431963342855,0.2407194634082755,2.0593635093841153e-72,16540,,HepG2,2.44,0.55
SOX18,0.3652283004133025,0.24014986533551455,7.363430061731557e-77,17341,,HepG2,0.64,5.17
ONECUT2,0.36203546775344575,0.24116974103954306,9.781958343703819e-74,16551,,HepG2,2.77,0.64
ZNF24,0.3512473835654878,0.24238806643752936,5.581257741482809e-59,16527,,HepG2,24.88,28.37
MNX1,0.3464278370823621,0.24261861284017036,1.6906905106539336e-50,16964,,HepG2,0.67,2.1
ATF4,0.34233547075623605,0.2433677517593956,6.882694738096e-51,16543,,HepG2,413.92,203.11
PBX2,0.33329728638453826,0.24436841246634441,1.761897015245508e-39,16551,,HepG2,,
POU2F1,0.32483055508863073,0.24531453577293802,3.687175401436426e-32,16544,,HepG2,2.02,3.81
ZNF652,0.3203841392156499,0.24561160046666156,1.4112006041317328e-28,16937,,HepG2,4.94,3.02
IRF9,0.3173136520974359,0.24615941580185136,6.253546448336266e-26,16526,,HepG2,,
PRDM4,0.31664094377535773,0.2457613997864517,6.212368921282674e-26,17518,,HepG2,5.57,11.45
HOXA10,0.3133115724539959,0.24659783528376514,1.574931227652174e-19,16540,,HepG2,0.0,0.01
JUN,0.31324335333308145,0.2465825617610484,1.588346478431573e-26,16591,,HepG2,47.82,10.94
HOXA7,0.30641028593963904,0.2472755400175396,2.7935539109175206e-18,16766,,HepG2,0.0,0.01
DLX6,0.30641028593963904,0.2472755400175396,2.7935539109175206e-18,16766,,HepG2,5.46,0.03
LBX2,0.30641028593963904,0.2472755400175396,2.7935539109175206e-18,16766,,HepG2,2.22,2.21
NFATC3,0.2999126011167171,0.24574185324377487,1.4230376433528727e-23,22981,,HepG2,16.24,32.81
NR2F6,0.3001420444947646,0.24806747483148806,2.271984298609902e-18,16526,,HepG2,5.71,30.38
CREB1,0.2998501070203059,0.24803441543827828,7.583921914463172e-16,16714,,HepG2,27.79,19.37
ISL2,0.29301640281297187,0.24405663847844183,2.1052646376251975e-19,31115,,HepG2,4.83,5.91
GRHL1,0.2970874921705352,0.24840590581834412,1.644384454904606e-12,16529,,HepG2,6.72,1.61
ATF2,0.29701148850282905,0.24840781669418271,1.0055548127816452e-13,16549,,HepG2,36.83,24.93
MEIS1,0.2863602154499415,0.2378278274794712,3.298058067752728e-30,52598,,HepG2,1.6,3.05
NFIB,0.29681908209329944,0.24843671273640455,9.059452774410466e-16,16526,,HepG2,1.63,0.74
MYBL2,0.2964147834559698,0.24848163722358577,2.281177210437832e-11,16526,,HepG2,13.4,86.48
IRF3,0.29583421702983953,0.24854614807413125,4.470102129764662e-12,16526,,HepG2,23.08,91.05
RFX5,0.295479091614914,0.2485856085760412,6.403238321818382e-12,16526,,HepG2,7.47,16.04
IRF1,0.2944569254302378,0.24869918870572907,1.447092133413873e-10,16526,,HepG2,0.96,5.34
ISX,0.2933004566784534,0.24765120945519617,3.270863637436723e-11,20359,,HepG2,1.21,0.3
MIXL1,0.2933004566784534,0.24765120945519617,3.270863637436723e-11,20359,,HepG2,1.55,0.03
SIX1,0.29357743254588503,0.24879691539377832,1.5213216656763258e-10,16526,,HepG2,0.81,0.35
GFI1,0.2915006889588331,0.24902739151242723,2.7838915016207058e-11,16527,,HepG2,5.77,0.81
MEF2A,0.2911942714448421,0.24905549201930766,6.166799842395126e-07,16548,,HepG2,53.92,4.31
NR3C1,0.2903741997465244,0.24915284929398565,2.853444082858118e-09,16526,,HepG2,12.99,11.22
SRF,0.2896052113800837,0.2492334109263541,2.7537312003928803e-07,16544,,HepG2,4.77,27.23
MEF2D,0.2861088013692257,0.24962582672688016,7.946659177243612e-06,16530,,HepG2,,
MAFF,0.28507968099849024,0.24974044795952427,5.182862865381375e-09,16529,,HepG2,19.53,4.17
PPARG,0.28302422031340035,0.24996955760397724,1.2846355514442587e-05,16526,,HepG2,19.13,0.01
HOXA5,0.28149243466071766,0.25011128019345824,5.606125363228321e-06,16661,,HepG2,7.06,0.0
RBPJ,0.2785542592685542,0.24850089406323947,1.1479686997765781e-07,26252,,HepG2,28.9,18.89
HOXA9,0.27983993007792834,0.2501793976860373,3.8652252262661235e-05,17248,,HepG2,0.0,0.0
RARG,0.2770527059368543,0.25063309489124913,6.758356938965543e-05,16526,,HepG2,0.58,4.18
MXI1,0.27642347088844194,0.2504342549051523,0.00019507331604313947,18064,,HepG2,101.35,9.42
FOSL1,0.2764098229052416,0.25066575639011984,3.978801369560897e-08,16750,,HepG2,8.69,22.33
IKZF1,0.27609971751601586,0.2505574586136851,2.279931497770073e-05,17583,,HepG2,0.0,35.35
TGIF2,0.2755859133739498,0.2507959139268926,9.378105076490156e-05,16527,,HepG2,7.38,6.6
MAFG,0.2755409792819551,0.25079824535735556,1.0007081971222781e-05,16543,,HepG2,30.51,24.85
NFIC,0.27422623182146594,0.2500447868037778,0.0001150494315571235,22076,,HepG2,12.04,15.59
ZNF384,0.27440082056353937,0.25089758085129893,0.021437056520111047,16717,,HepG2,23.22,32.06
NRL,0.2734877078987736,0.2510290760844871,0.0002752755715375171,16527,,HepG2,0.54,0.73
HSF2,0.27292306446558795,0.2510919686251904,0.0003941575633647586,16526,,HepG2,13.11,10.49
TP53,0.2709271047387417,0.25131375385740173,0.0013776029619462225,16526,,HepG2,7.45,5.85
USF1,0.2699994710165302,0.2514163300198029,0.0015036250931120068,16530,,HepG2,18.87,34.87
NFYC,0.2696644996588538,0.2514216684393058,0.00065874776762216,16790,,HepG2,40.06,40.6
ZNF382,0.2693734261482633,0.25148639409775136,0.007615545956415031,16526,,HepG2,1.71,0.0
BCL6,0.2684732102261566,0.25158619638047963,0.053708391557540466,16528,,HepG2,49.69,4.43
ZBTB26,0.2684340001695935,0.25157286784690425,0.0007388508876780761,16684,,HepG2,1.87,4.43
MEIS2,0.2679908424114359,0.2514623194274409,0.0009525769411512591,18125,,HepG2,14.44,28.47
MAX,0.2669999169055148,0.25115423785622665,0.01846539717572543,22119,,HepG2,17.42,35.67
TFAP4,0.26579562045458077,0.2518789901165099,0.00018681774048696806,16579,,HepG2,17.3,15.11
ZSCAN31,0.2624808370410624,0.2522522785267389,0.04859267517113638,16526,,HepG2,22.2,5.26
REL,0.2620825913458591,0.25228209914025573,0.03897589300507109,16745,,HepG2,3.78,2.48
HIC2,0.26082014793004743,0.2515191274556955,0.00040792771259036745,31200,,HepG2,4.04,45.12
NFYA,0.2615350019388611,0.2522891799710072,0.045955221047328416,17623,,HepG2,15.99,23.11
GMEB2,0.26155541510151825,0.25235151939263856,0.11231438760991859,16584,,HepG2,4.09,6.18
RFX1,0.2612805483950897,0.2523856511055977,0.09679414654671946,16526,,HepG2,2.99,7.45
PBX3,0.26077929564266583,0.25244112459579016,0.08724988548311699,16530,,HepG2,4.68,0.7
RFX3,0.26055229157407767,0.25246657288271834,0.3639188520111346,16526,,HepG2,3.55,1.15
ZNF143,0.2598366406845957,0.25254609392543836,0.10420044733680868,16526,,HepG2,27.75,16.87
CREM,0.2575263763883892,0.25280185076681416,0.44752138778632466,16556,,HepG2,16.95,39.9
IRF5,0.25711409264358637,0.25284855817416946,0.8151604533529424,16528,,HepG2,0.26,0.01
ZNF282,0.2570764686067875,0.2528527962085486,0.6870335000607776,16526,,HepG2,20.41,20.84
SNAI1,0.2553020717837813,0.252992886831661,0.1707921550812196,20202,,HepG2,0.09,7.46
MTF1,0.25504057693158305,0.25307900537340794,0.6990748045674281,16527,,HepG2,2.71,4.01
BHLHA15,0.25490742637267394,0.2530477104767512,0.011038153857181753,20213,,HepG2,0.6,0.67
ZNF331,0.25116819516539346,0.2535116068065078,0.9864958059050848,16672,,K562,14.29,1.19
ZNF274,0.25055404862135816,0.25357769083473836,0.4417198942549283,16533,,K562,12.42,16.74
ZEB1,0.25045835295909696,0.2538714892897565,0.6365078451669625,28871,,K562,14.43,3.17
PITX1,0.2493329263430714,0.2537566626098481,0.4504412312619196,17986,,K562,3.87,29.16
TFE3,0.24824710756635898,0.25384548289517633,0.23780647674940059,16834,,K562,,
NFYB,0.24785194982608913,0.2538786488372017,0.9582540673271928,16547,,K562,32.48,15.17
NFE2,0.2471757369184402,0.2539537570105825,0.8821123719042562,16544,,K562,0.71,164.62
MZF1,0.24715001340169634,0.25397838391353067,0.28246460436905707,17018,,K562,2.37,10.82
ZNF75D,0.24677357864945415,0.2539976233365215,0.15907082835734465,16526,,K562,1.18,2.46
THRA,0.24652303645819423,0.25402546285518507,0.6105324056348516,16526,,K562,17.5,15.35
ZKSCAN1,0.24633381635412954,0.25404861521720085,0.2434239512269356,16567,,K562,52.37,13.25
MNT,0.24665710059911913,0.2547392447561928,0.03957888534260462,29935,,K562,7.93,9.38
ZNF317,0.2437948964384884,0.25442856052715646,0.27012121086152485,17924,,K562,11.05,21.53
REST,0.24085522644401217,0.2546552533981592,0.07746747938022087,16526,,K562,18.91,5.23
FOSL2,0.239618544598745,0.2547930780038671,0.5056277759343368,16530,,K562,23.16,1.87
SMAD3,0.23948982548490189,0.2548078997338268,0.021606212170691027,16535,,K562,13.25,13.72
BHLHE40,0.2379197241019457,0.25502283695673483,0.03283354750123855,16886,,K562,76.72,75.92
ATF6,0.2366548443077177,0.25512198762878735,0.005033793653726704,16526,,K562,24.96,10.67
TBX2,0.2363904133397587,0.25515137042787084,0.003290554022322545,16526,,K562,1.42,0.0
ETS1,0.2335358284093407,0.25552118914808847,0.0036959723908923585,16882,,K562,0.55,0.8
ZNF784,0.231475795755436,0.25572796177870977,0.0009266333580144127,16713,,K562,2.81,5.59
TBX3,0.23025018544238252,0.2558800112126983,5.1532418088342715e-05,16795,,K562,23.15,0.27
ZNF263,0.22916340317220554,0.25684944653088937,1.9181086669239112e-05,21334,,K562,10.22,19.95
XBP1,0.22580481539218636,0.2563278164741752,3.2486341335174488e-06,16527,,K562,446.94,49.04
CREB3,0.2255715608611228,0.2563537367810159,3.904774026713728e-06,16527,,K562,7.63,11.48
ZSCAN29,0.22434082267591637,0.2565160301713092,2.0022479503148177e-06,16645,,K562,16.45,10.63
USF2,0.22369441349192806,0.25658644039845413,3.194256757497536e-06,16636,,K562,193.89,62.53
NFE2L2,0.22308024129819792,0.25664096375462125,4.2859543641362895e-06,16573,,K562,132.65,32.79
ELF1,0.22252083746898882,0.2567060786838047,7.607938254567319e-06,16585,,K562,16.73,24.97
ZNF549,0.22202770776881112,0.25709485745028776,0.00011241667018960942,18000,,K562,0.9,0.16
MAFK,0.22060431916424003,0.2569233018862798,3.992875724717617e-05,16599,,K562,43.99,9.32
MLX,0.21769661081248315,0.25722963456904846,6.178011342903814e-10,16530,,K562,44.93,35.95
MGA,0.21605783179460353,0.2574588258464675,2.8018364925358673e-10,16699,,K562,20.71,9.12
ZNF574,0.21360365262147546,0.25768336891926,1.7231194713399055e-09,16526,,K562,1.79,10.44
ZKSCAN5,0.21244833838831506,0.2579147669899131,8.336049467387334e-12,16863,,K562,6.97,7.7
ZNF707,0.2098034353476078,0.25810596277100994,1.0782204413162605e-13,16527,,K562,,
MYC,0.2086464220852392,0.25921721885335675,9.965760186834338e-16,19417,,K562,98.81,122.79
ELK4,0.20734709509450508,0.25845589928135376,7.178957619147299e-12,16751,,K562,22.81,4.03
ZNF530,0.2063765371026841,0.2584867753263561,5.997673449961109e-14,16527,,K562,0.11,1.83
PROX1,0.20462781765061921,0.2586807375617864,1.4776903744151135e-17,16526,,K562,26.79,0.01
ZNF816,0.20431101415948777,0.25871593984312546,4.1095060706412145e-14,16526,,K562,3.1,6.02
SP5,0.21287067638041693,0.26841036375006494,9.70696892908203e-37,45033,,K562,26.72,0.6
ZFP14,0.20263915091668253,0.25890209071715153,1.3743263055904818e-15,16527,,K562,0.94,0.63
TCF12,0.20549012987851614,0.26225551347284737,2.6591708193086886e-19,26143,,K562,62.04,21.97
ARNT2,0.20099610553799876,0.25915858639612743,7.007983893410861e-21,16716,,K562,1.84,0.04
NFKB2,0.19786083898782036,0.25943349252519887,4.007669694210622e-21,16528,,K562,29.47,10.71
ELF4,0.1966141131806284,0.2595711970649739,1.7476961878112437e-19,16526,,K562,3.01,29.65
ZNF343,0.19614123715249848,0.25962374167210966,2.495040602141202e-19,16526,,K562,9.26,4.22
YY1,0.19435120994079783,0.2598244051908056,1.150878600745219e-27,16530,,K562,93.42,34.16
ETV6,0.1923590288851893,0.2602137307993478,2.8965389956459314e-23,16898,,K562,1.82,3.07
ETV4,0.1909683591984444,0.2602139013211202,1.2622368538918719e-24,16559,,K562,127.78,40.54
GATA2,0.18867516425720976,0.2611851486027757,2.836525330899397e-26,18027,,K562,5.37,97.16
ZNF281,0.18763121235114466,0.2606120423194371,1.2776237731673117e-28,16613,,K562,11.54,9.05
ELK1,0.18742313186670967,0.2607181410056719,7.639364236851025e-27,16781,,K562,6.72,31.27
TCF3,0.18735099691957038,0.26133221145324004,3.815274607619247e-27,17997,,K562,87.35,111.04
GABPA,0.18686177415633856,0.2609947939762915,4.410187465888559e-24,17208,,K562,6.02,11.21
KLF13,0.18378894103723217,0.26099629284406944,2.076678532882127e-33,16526,,K562,7.73,5.58
ETV5,0.17971683097143856,0.2617056677272473,1.7263305597588293e-35,16992,,K562,32.18,13.0
ZNF740,0.1768189740501246,0.2617707752777323,1.096697487174597e-39,16526,,K562,26.59,9.86
MAZ,0.17623355550550487,0.2620799859533898,1.4258262494038998e-38,16949,,K562,315.92,442.23
GATA4,0.17536589847202685,0.26196717404821096,2.408907876671013e-34,16586,,K562,22.32,0.06
KLF9,0.16529078012253784,0.26305504133849755,2.813230224374732e-51,16531,,K562,4.32,4.31
SP1,0.1525743238955062,0.26447078912989735,5.469209865536042e-70,16534,,K562,8.88,18.23
SP4,0.1522200283789128,0.26513657317438166,1.4850328713727564e-70,17359,,K562,0.36,1.69
ZBTB7B,0.1514247239253756,0.2646457995024946,1.6427914555747335e-71,16596,,K562,5.51,19.95
ZNF460,0.14180878598595104,0.26566100541871995,1.4259602673461802e-81,16526,,K562,1.84,0.86
KLF16,0.13558445238343464,0.26639397332345327,2.837913656080815e-91,16573,,K562,0.72,18.17
PATZ1,0.12974859115924015,0.2670103283150379,5.314470553523607e-104,16536,,K562,11.11,6.07
E2F8,0.12523878051677823,0.26756920600347056,1.7927567268240142e-112,16596,,K562,1.2,7.02
KLF6,0.12417842922504954,0.2688839234887223,4.321772382677767e-117,17825,,K562,33.74,11.31
SP2,0.11620983376872215,0.26860282876411007,7.016027772397882e-126,16621,,K562,3.56,21.06
TFDP1,0.11592197618926066,0.2686442668318349,7.844630495166309e-123,16630,,K562,39.34,69.39
E2F1,0.11039049486762824,0.26915318191582505,1.97134610547561e-129,16527,,K562,13.53,12.51
KLF12,0.11023091035815336,0.26992900513384305,1.1831096205114816e-139,17233,,K562,1.33,0.03
KLF11,0.10895145423738903,0.26978025245086745,6.238563435756337e-140,16959,,K562,6.54,3.93
HINFP,0.10563054604213942,0.2696887477147754,5.495139857044113e-146,16533,,K562,20.85,11.94
E2F2,0.1047487985015882,0.26977900330185123,1.5781149871342351e-150,16526,,K562,0.18,7.07
E2F4,0.10392157158348991,0.2698709223479393,3.353153812081028e-151,16526,,K562,97.5,73.95
NRF1,0.10047885123989615,0.27025803363398077,2.3670749501280196e-150,16530,,K562,3.37,13.94
ZBTB33,0.09809622285183037,0.27052401496187334,3.098317025698853e-160,16531,,K562,5.12,10.11
EGR1,0.09710956377131434,0.27063018624496443,3.0863648681556435e-162,16528,,K562,9.11,151.4
ZBTB14,0.09293410960876958,0.2722031632747054,2.5165263373718633e-176,17448,,K562,7.0,4.32
KLF15,0.03242703721489479,0.2780100336570283,0.0,16644,,K562,0.91,0.83
ATF3,,,,165252,too few in one group,,57.63,8.3
IRF2,,,,165252,too few in one group,,32.36,8.12
JUND,,,,165252,too few in one group,,105.3,56.71
NFIA,,,,165252,too few in one group,,4.98,2.99
RELA,,,,165252,too few in one group,,33.75,35.18
RREB1,,,,165252,too few in one group,,16.8,15.84
